aphiaID;acceptedAphiaID;name;acceptedName;Intertidal;Subtidal
374837;374837;Acrocarpia paniculata;Acrocarpia paniculata;;1
499803;374837;Blossevillea paniculata;Acrocarpia paniculata;;
374457;374457;Acrocarpia robusta;Acrocarpia robusta;;
157207;157207;Agarum clathratum;Agarum clathratum;;1
495975;157207;Agarum cribrosum;Agarum clathratum;;1
503858;157207;Laminaria agarum;Agarum clathratum;;1
499677;499677;Agarum turneri;Agarum turneri;;1
495022;495022;Akkesiphycus lubricus;Akkesiphycus lubricus;;
371977;371977;Alaria angusta;Alaria angusta;;1
667682;371977;Alaria laticosta;Alaria angusta;;1
503417;503417;Alaria cordata;Alaria cordata;;1
371978;371978;Alaria crassifolia;Alaria crassifolia;;1
373974;373974;Alaria crispa;Alaria crispa;;1
704008;704008;Alaria dolichorachis;Alaria dolichorachis;;1
374937;374937;Alaria elliptica;Alaria elliptica;;1
145716;145716;Alaria esculenta;Alaria esculenta;;1
500966;145716;Alaria musaefolia;Alaria esculenta;;1
145717;145716;Alaria grandifolia;Alaria esculenta;;1
501022;145716;Alaria dolichorhachis;Alaria esculenta;;1
499049;145716;Fucus esculentus;Alaria esculenta;;1
501725;145716;Fucus teres;Alaria esculenta;;1
501023;145716;Alaria linearis;Alaria esculenta;;1
503440;503440;Alaria flagellaris;Alaria flagellaris;;1
620370;620370;Alaria fragilis;Alaria fragilis;;1
371791;371791;Alaria marginata;Alaria marginata;1;
499225;371791;Alaria tenuifolia;Alaria marginata;1;
526691;371791;Alaria valida;Alaria marginata;1;
371792;371791;Alaria nana;Alaria marginata;1;
371981;371791;Alaria taeniata;Alaria marginata;1;
667672;371791;Alaria lanceolata;Alaria marginata;1;
667348;371791;Alaria curtipes;Alaria marginata;1;
526690;526690;Alaria oblonga;Alaria oblonga;;1
620818;620818;Alaria ochotensis;Alaria ochotensis;;1
371980;371980;Alaria paradisea;Alaria paradisea;;1
373975;373975;Alaria praelonga;Alaria praelonga;;1
499673;373975;Alaria corrugata;Alaria praelonga;;1
145718;494942;Alaria pylaii;Alaria pylaiei;;1
494942;494942;Alaria pylaiei;Alaria pylaiei;;1
499065;494942;Alaria membranacea;Alaria pylaiei;;1
374718;374718;Amphibolis antarctica;Amphibolis antarctica;;
374719;374719;Amphibolis griffithii;Amphibolis griffithii;;
214355;214355;Anthophycus longifolius;Anthophycus longifolius;;
381743;214355;Sargassum longifolium;Anthophycus longifolius;;1
371984;371984;Arthrothamnus bifidus;Arthrothamnus bifidus;;
845234;371984;Laminaria bifida;Arthrothamnus bifidus;;1
374241;374241;Arthrothamnus kurilensis;Arthrothamnus kurilensis;;
145541;145541;Ascophyllum nodosum;Ascophyllum nodosum;1;
239248;145541;Fucus nodosus;Ascophyllum nodosum;1;
499528;145541;Fucodium nodosum;Ascophyllum nodosum;1;
499531;145541;Ozothallia nodosa;Ascophyllum nodosum;1;
499530;145541;Halicoccus nodosus;Ascophyllum nodosum;1;
666980;145541;Ascophyllum robertsonii;Ascophyllum nodosum;1;
238768;553678;Ascophyllum mackayi;Ascophyllum nodosum f. mackayi;1;
496340;553678;Fucus mackayi;Ascophyllum nodosum f. mackayi;1;
553678;553678;Ascophyllum nodosum f. mackayi;Ascophyllum nodosum f. mackayi;1;
553675;553675;Ascophyllum nodosum f. scorpioides;Ascophyllum nodosum f. scorpioides;1;
531501;531501;Aureophycus aleuticus;Aureophycus aleuticus;;
371685;371685;Axillariella constricta;Axillariella constricta;;
666984;371685;Fucodium constrictum;Axillariella constricta;;
708321;371685;Carpoglossum constrictum;Axillariella constricta;;
145503;145503;Bifurcaria bifurcata;Bifurcaria bifurcata;1;
499114;145503;Fucus tuberculatus;Bifurcaria bifurcata;1;
499117;145503;Bifurcaria tuberculata;Bifurcaria bifurcata;1;
499116;145503;Pycnophycus tuberculatus;Bifurcaria bifurcata;1;
371686;371686;Bifurcariopsis capensis;Bifurcariopsis capensis;;
547580;547580;Blossevillea retroflexa;Blossevillea retroflexa;;
214348;624308;Bifurcaria brassicaeformis;Brassicophycus brassicaeformis;1;
624308;624308;Brassicophycus brassicaeformis;Brassicophycus brassicaeformis;1;
497473;624308;Pycnophycus brassicaeformis;Brassicophycus brassicaeformis;1;
374029;374029;Carpoglossum confluens;Carpoglossum confluens;;
373324;373324;Carpophyllum angustifolium;Carpophyllum angustifolium;;
708728;708728;Carpophyllum elongatum;Carpophyllum elongatum;;
373334;373334;Carpophyllum flexuosum;Carpophyllum flexuosum;;
708409;373334;Carpophyllum phyllanthum;Carpophyllum flexuosum;;
373377;373377;Carpophyllum maschalocarpum;Carpophyllum maschalocarpum;;
373349;373349;Carpophyllum plumosum;Carpophyllum plumosum;;
497813;373349;Sargassum plumosum;Carpophyllum plumosum;;1
374030;374030;Caulocystis cephalornithos;Caulocystis cephalornithos;;
374459;374459;Caulocystis uvifera;Caulocystis uvifera;;
500023;374459;Cystophora uvifera;Caulocystis uvifera;;
622805;622805;Chorda asiatica;Chorda asiatica;;1
145722;145722;Chorda filum;Chorda filum;;1
499050;145722;Fucus filum;Chorda filum;;1
503429;503429;Chorda minuta;Chorda minuta;;1
375537;375537;Chorda rigida;Chorda rigida;;1
372015;372015;Coccophora langsdorfii;Coccophora langsdorfii;;
371985;371985;Costaria costata;Costaria costata;;1
499680;371985;Costaria turneri;Costaria costata;;1
502740;371985;Costaria mertensii;Costaria costata;;1
377117;377117;Cymathaere fibrosa;Cymathaere fibrosa;;1
373978;373978;Cymathaere triplicata;Cymathaere triplicata;;1
501942;373978;Laminaria triplicata;Cymathaere triplicata;;1
374728;374728;Cymodocea angustata;Cymodocea angustata;;1
145793;145793;Cymodocea nodosa;Cymodocea nodosa;;1
668599;145793;Zostera nodosa;Cymodocea nodosa;;1
208921;208921;Cymodocea rotundata;Cymodocea rotundata;;1
208919;208919;Cymodocea serrulata;Cymodocea serrulata;;1
239167;239167;Cystophora botryocystis;Cystophora botryocystis;;1
374460;374460;Cystophora brownii;Cystophora brownii;;1
374882;374882;Cystophora cymodocea;Cystophora cymodocea;;1
708729;708729;Cystophora dumosa;Cystophora dumosa;;1
239169;239169;Cystophora expansa;Cystophora expansa;;1
214351;214351;Cystophora fibrosa;Cystophora fibrosa;;1
374461;374461;Cystophora gracilis;Cystophora gracilis;;1
239170;239170;Cystophora grevillei;Cystophora grevillei;;1
495046;239170;Sargassum grevillei;Cystophora grevillei;;1
374501;239170;Sargassum (Sargassum) grevillei;Cystophora grevillei;;1
374462;374462;Cystophora harveyi;Cystophora harveyi;;1
374879;374879;Cystophora intermedia;Cystophora intermedia;;1
239171;239171;Cystophora monilifera;Cystophora monilifera;;1
239172;239172;Cystophora moniliformis;Cystophora moniliformis;;1
239173;239173;Cystophora pectinata;Cystophora pectinata;;1
373477;373477;Cystophora platylobium;Cystophora platylobium;;1
374881;374881;Cystophora polycystidea;Cystophora polycystidea;;1
239174;239174;Cystophora racemosa;Cystophora racemosa;;1
239175;239175;Cystophora retorta;Cystophora retorta;;1
547579;239175;Blossevillea retorta;Cystophora retorta;;1
239176;239176;Cystophora retroflexa;Cystophora retroflexa;;1
500033;239176;Cystoseira retroflexa;Cystophora retroflexa;;1
373480;239176;Cystophora congesta;Cystophora retroflexa;;1
373478;373478;Cystophora scalaris;Cystophora scalaris;;1
239177;239177;Cystophora siliquosa;Cystophora siliquosa;;1
239178;239178;Cystophora subfarcinata;Cystophora subfarcinata;;1
374463;374463;Cystophora tenuis;Cystophora tenuis;;1
373323;373323;Cystophora torulosa;Cystophora torulosa;;1
374880;374880;Cystophora xiphocarpa;Cystophora xiphocarpa;;1
145504;145504;Cystoseira abies-marina;Cystoseira abies-marina;;1
239223;145504;Fucus abies-marinus;Cystoseira abies-marina;;1
145505;145505;Cystoseira algeriensis;Cystoseira algeriensis;;1
145506;145506;Cystoseira amentacea;Cystoseira amentacea;;1
292670;249680;Cystoseira spicata;Cystoseira amentacea var. stricta;;1
239025;249680;Cystoseira stricta;Cystoseira amentacea var. stricta;;1
249680;249680;Cystoseira amentacea var. stricta;Cystoseira amentacea var. stricta;;1
145507;145507;Cystoseira baccata;Cystoseira baccata;;1
239180;145507;Cystoseira fibrosa;Cystoseira baccata;;1
495997;145508;Cystoseira hoppii;Cystoseira barbata;;1
145508;145508;Cystoseira barbata;Cystoseira barbata;;1
502375;553642;Cystoseira aurantia;Cystoseira barbata f. aurantia;;1
553642;553642;Cystoseira barbata f. aurantia;Cystoseira barbata f. aurantia;;1
145509;145509;Cystoseira barbatula;Cystoseira barbatula;;1
498733;145509;Cystoseira graeca;Cystoseira barbatula;;1
145510;145510;Cystoseira brachycarpa;Cystoseira brachycarpa;;1
239021;145510;Cystoseira balearica;Cystoseira brachycarpa;;1
239022;145510;Cystoseira caespitosa;Cystoseira brachycarpa;;1
145511;145511;Cystoseira compressa;Cystoseira compressa;;1
381176;145511;Cystoseira fimbriata;Cystoseira compressa;;1
145528;847100;Cystoseira planiramea;Cystoseira compressa subsp. pustulata;;1
503369;847100;Cystoseira epiphytica;Cystoseira compressa subsp. pustulata;;1
847100;847100;Cystoseira compressa subsp. pustulata;Cystoseira compressa subsp. pustulata;;1
145513;145513;Cystoseira corniculata;Cystoseira corniculata;;1
145514;145514;Cystoseira crinita;Cystoseira crinita;;1
553391;553391;Cystoseira crinita f. bosphorica;Cystoseira crinita f. bosphorica;;1
145515;145515;Cystoseira crinitophylla;Cystoseira crinitophylla;;1
145516;145516;Cystoseira dubia;Cystoseira dubia;;1
498611;145516;Cystoseira fucoides;Cystoseira dubia;;1
145517;145517;Cystoseira elegans;Cystoseira elegans;;1
145518;145518;Cystoseira foeniculacea;Cystoseira foeniculacea;;1
145512;145518;Cystoseira concatenata;Cystoseira foeniculacea;;1
239023;145518;Cystoseira discors;Cystoseira foeniculacea;;1
292667;145518;Cystoseira abrotanifolia;Cystoseira foeniculacea;;1
496636;145518;Fucus foeniculaceus;Cystoseira foeniculacea;;1
239024;145518;Cystoseira ercegovicii;Cystoseira foeniculacea;;1
501025;145518;Fucus abrotanifolius;Cystoseira foeniculacea;;1
374116;374116;Cystoseira funkii;Cystoseira funkii;;1
145520;145520;Cystoseira humilis;Cystoseira humilis;;1
502376;145520;Cystoseira pumila;Cystoseira humilis;;1
500166;145520;Cystoseira canariensis;Cystoseira humilis;;1
496831;295873;Cystoseira myriophylloides;Cystoseira humilis var. myriophylloides;;1
295873;295873;Cystoseira humilis var. myriophylloides;Cystoseira humilis var. myriophylloides;;1
145521;145521;Cystoseira hyblaea;Cystoseira hyblaea;;1
145523;145523;Cystoseira mauritanica;Cystoseira mauritanica;;1
145519;145523;Cystoseira gibraltarica;Cystoseira mauritanica;;1
145524;145524;Cystoseira mediterranea;Cystoseira mediterranea;;1
145525;145525;Cystoseira montagnei;Cystoseira montagnei;;1
145533;145525;Cystoseira spinosa;Cystoseira montagnei;;1
495996;145525;Cystoseira erica-marina;Cystoseira montagnei;;1
292668;145525;Cystoseira adriatica;Cystoseira montagnei;;1
1063027;1063027;Cystoseira montagnei var. compressa;Cystoseira montagnei var. compressa;;1
496037;1063030;Cystoseira rechingerii;Cystoseira montagnei var. tenuior;;1
649378;1063030;Cystoseira rechingeri;Cystoseira montagnei var. tenuior;;1
498051;1063030;Cystoseira gerloffi;Cystoseira montagnei var. tenuior;;1
145522;1063030;Cystoseira jabukae;Cystoseira montagnei var. tenuior;;1
1063030;1063030;Cystoseira montagnei var. tenuior;Cystoseira montagnei var. tenuior;;1
145526;145526;Cystoseira nodicaulis;Cystoseira nodicaulis;;1
499052;145526;Fucus nodicaulis;Cystoseira nodicaulis;;1
145527;145527;Cystoseira pelagosae;Cystoseira pelagosae;;1
145529;145529;Cystoseira platyclada;Cystoseira platyclada;;1
503370;503370;Cystoseira pycnoclada;Cystoseira pycnoclada;;1
558870;558870;Cystoseira rayssiae;Cystoseira rayssiae;;1
503371;145530;Cystoseira sicula;Cystoseira sauvageauana;;1
145530;145530;Cystoseira sauvageauana;Cystoseira sauvageauana;;1
145531;145531;Cystoseira schiffneri;Cystoseira schiffneri;;1
145532;145532;Cystoseira sedoides;Cystoseira sedoides;;1
548040;548040;Cystoseira selaginoides;Cystoseira selaginoides;;1
503511;503511;Cystoseira senegalensis;Cystoseira senegalensis;;1
377046;377046;Cystoseira sonderi;Cystoseira sonderi;;1
145534;145534;Cystoseira squarrosa;Cystoseira squarrosa;;1
145535;145535;Cystoseira susanensis;Cystoseira susanensis;;1
145536;145536;Cystoseira tamariscifolia;Cystoseira tamariscifolia;;1
239179;145536;Cystoseira ericoides;Cystoseira tamariscifolia;;1
239234;145536;Fucus ericoides;Cystoseira tamariscifolia;;1
499053;145536;Fucus tamariscifolius;Cystoseira tamariscifolia;;1
501026;145536;Fucus selaginoides;Cystoseira tamariscifolia;;1
145537;145537;Cystoseira usneoides;Cystoseira usneoides;;1
503349;145537;Cystoseira granulata;Cystoseira usneoides;;1
145538;495048;Cystoseira wildprettii;Cystoseira wildpretii;;1
239181;145539;Cystoseira opuntioides;Cystoseira zosteroides;;1
145539;145539;Cystoseira zosteroides;Cystoseira zosteroides;;1
325490;325490;Cystosphaera jacquinotii;Cystosphaera jacquinotii;;1
372515;372515;Dictyoneurum californicum;Dictyoneurum californicum;;
503878;503878;Dictyoneurum reticulatum;Dictyoneurum reticulatum;;
526731;503878;Dictyoneuropsis reticulata;Dictyoneurum reticulatum;;
526753;503878;Costaria reticulata;Dictyoneurum reticulatum;;
373370;373370;Durvillaea antarctica;Durvillaea antarctica;1;
499792;373370;Durvillaea utilis;Durvillaea antarctica;1;
499794;373370;Durvillaea montagnei;Durvillaea antarctica;1;
374294;373370;Durvillaea caepaestipes;Durvillaea antarctica;1;
373471;373471;Durvillaea chathamensis;Durvillaea chathamensis;1;
626384;626384;Durvillaea poha;Durvillaea poha;1;
374028;374028;Durvillaea potatorum;Durvillaea potatorum;1;
499798;374028;Sarcophycus potatorum;Durvillaea potatorum;1;
373397;373397;Durvillaea willana;Durvillaea willana;1;
145719;145719;Ecklonia biruncinata;Ecklonia biruncinata;;1
239205;145719;Ecklonia exasperata;Ecklonia biruncinata;;1
373321;373321;Ecklonia brevipes;Ecklonia brevipes;;1
371986;371986;Ecklonia cava;Ecklonia cava;;1
214345;214345;Ecklonia fastigiata;Ecklonia fastigiata;;1
371987;371987;Ecklonia kurome;Ecklonia kurome;;1
214343;214343;Ecklonia maxima;Ecklonia maxima;;1
499790;214343;Ecklonia buccinalis;Ecklonia maxima;;1
145720;145720;Ecklonia muratii;Ecklonia muratii;;1
214344;214344;Ecklonia radiata;Ecklonia radiata;;1
371989;499683;Eckloniopsis radicosa;Ecklonia radicosa;;1
499683;499683;Ecklonia radicosa;Ecklonia radicosa;;1
503395;503395;Ecklonia richardiana;Ecklonia richardiana;;1
371988;371988;Ecklonia stolonifera;Ecklonia stolonifera;;1
372502;372502;Egregia menziesii;Egregia menziesii;;1
501540;372502;Egregia laevigata;Egregia menziesii;;1
547657;372502;Phyllospora menziesii;Egregia menziesii;;1
371990;371990;Eisenia arborea;Eisenia arborea;;1
371991;371991;Eisenia bicyclis;Eisenia bicyclis;;1
499685;371991;Ecklonia bicyclis;Eisenia bicyclis;;1
499686;371991;Ecklonia wrightii;Eisenia bicyclis;;1
376640;376640;Eisenia cokeri;Eisenia cokeri;;1
375496;375496;Eisenia desmarestioides;Eisenia desmarestioides;;1
375494;375494;Eisenia galapagensis;Eisenia galapagensis;;1
375495;375495;Eisenia masonii;Eisenia masonii;;1
547463;547463;Eualaria fistulosa;Eualaria fistulosa;;1
371979;547463;Alaria fistulosa;Eualaria fistulosa;;1
145542;145542;Fucus ceranoides;Fucus ceranoides;1;
499465;145542;Fucus divergens;Fucus ceranoides;1;
552977;552977;Fucus chalonii;Fucus chalonii;1;
239245;371030;Fucus muscoides;Fucus cottonii;1;
371030;371030;Fucus cottonii;Fucus cottonii;1;
145544;145544;Fucus distichus;Fucus distichus;1;
372503;145544;Fucus gardneri;Fucus distichus;1;
501793;145544;Fucus nitens;Fucus distichus;1;
499471;145544;Fucus miclonensis;Fucus distichus;1;
499467;145544;Fucus fueci;Fucus distichus;1;
497304;249685;Fucus anceps;Fucus distichus subsp. anceps;1;
249685;249685;Fucus distichus subsp. anceps;Fucus distichus subsp. anceps;1;
157200;249684;Fucus edentatus;Fucus distichus subsp. edentatus;1;
249684;249684;Fucus distichus subsp. edentatus;Fucus distichus subsp. edentatus;1;
145545;292672;Fucus evanescens;Fucus distichus subsp. evanescens;1;
292672;292672;Fucus distichus subsp. evanescens;Fucus distichus subsp. evanescens;1;
239236;239236;Fucus filiformis;Fucus filiformis;1;
235808;235808;Fucus radicans;Fucus radicans;1;
145546;145546;Fucus serratus;Fucus serratus;1;
145547;145547;Fucus spiralis;Fucus spiralis;1;
499466;145547;Fucus areschougii;Fucus spiralis;1;
497037;1313314;Fucus lutarius;Fucus spiralis var. lutarius;1;
1313314;1313314;Fucus spiralis var. lutarius;Fucus spiralis var. lutarius;1;
145548;145548;Fucus vesiculosus;Fucus vesiculosus;1;
248056;145548;Fucus inflatus;Fucus vesiculosus;1;
499468;145548;Fucus balticus;Fucus vesiculosus;1;
499427;145548;Fucus divaricatus;Fucus vesiculosus;1;
547714;1309840;Fucus mytili;Fucus vesiculosus f. mytili;1;
1309840;1309840;Fucus vesiculosus f. mytili;Fucus vesiculosus f. mytili;1;
497036;1309803;Fucus axillaris;Fucus vesiculosus f. volubilis;1;
1309803;1309803;Fucus vesiculosus f. volubilis;Fucus vesiculosus f. volubilis;1;
162548;162548;Fucus vesiculosus var. linearis;Fucus vesiculosus var. linearis;1;
145549;145549;Fucus virsoides;Fucus virsoides;1;
145540;145540;Halidrys siliquosa;Halidrys siliquosa;1;
502372;145540;Cystoseira siliquosa;Halidrys siliquosa;1;
499055;145540;Fucus siliquosus;Halidrys siliquosa;1;
208923;208923;Halodule beaudettei;Halodule beaudettei;;1
626404;626404;Halodule pinifolia;Halodule pinifolia;;1
208924;208924;Halodule uninervis;Halodule uninervis;;1
208925;208925;Halodule wrightii;Halodule wrightii;;1
374889;374889;Halophila australis;Halophila australis;;1
374721;374721;Halophila baillonis;Halophila baillonis;;1
208929;208929;Halophila beccarii;Halophila beccarii;;1
823803;823803;Halophila capricorni;Halophila capricorni;;1
145713;145713;Halophila decipiens;Halophila decipiens;;1
374722;374722;Halophila engelmannii;Halophila engelmannii;;1
656166;656166;Halophila gaudichaudii;Halophila gaudichaudii;;1
374723;374723;Halophila hawaiiana;Halophila hawaiiana;;1
374724;374724;Halophila johnsonii;Halophila johnsonii;;1
593695;593695;Halophila major;Halophila major;;1
208926;208926;Halophila minor;Halophila minor;;1
593696;593696;Halophila nipponica;Halophila nipponica;;1
208930;208930;Halophila ovalis;Halophila ovalis;;1
208927;208927;Halophila ovata;Halophila ovata;;1
374725;374725;Halophila spinulosa;Halophila spinulosa;;1
145714;145714;Halophila stipulacea;Halophila stipulacea;;1
1361076;1361076;Halophila sulawesii;Halophila sulawesii;;1
374726;374726;Halophila tricostata;Halophila tricostata;;1
145723;145723;Halosiphon tomentosus;Halosiphon tomentosus;;1
146819;145723;Chorda tomentosa;Halosiphon tomentosus;;1
496436;145723;Halosiphon altae;Halosiphon tomentosus;;1
145918;145918;Haplospora globosa;Haplospora globosa;;1
500885;145918;Scaphospora speciosa;Haplospora globosa;;1
548340;667215;Laminaria bongardiana;Hedophyllum bongardianum;;1
377242;667215;Saccharina bongardiana;Hedophyllum bongardianum;;1
498474;1356698;Laminaria dentigera;Hedophyllum dentigerum;;1
377081;1356698;Saccharina dentigera;Hedophyllum dentigerum;;1
496237;496237;Hedophyllum sessile;Hedophyllum sessile;;1
376879;496237;Saccharina sessilis;Hedophyllum sessile;;1
497642;496237;Laminaria sessilis;Hedophyllum sessile;;1
498473;498473;Hedophyllum subsessile;Hedophyllum subsessile;;1
145551;145551;Himanthalia elongata;Himanthalia elongata;1;
497306;145551;Himanthalia lorea;Himanthalia elongata;1;
499113;145551;Fucus loreus;Himanthalia elongata;1;
372019;372019;Hormophysa cuneiformis;Hormophysa cuneiformis;;
499505;372019;Cystoseira triquetra;Hormophysa cuneiformis;;
500134;372019;Hormosira triquetra;Hormophysa cuneiformis;;
499507;372019;Cystoseira articulata;Hormophysa cuneiformis;;
500041;372019;Hormosira articulata;Hormophysa cuneiformis;;
496196;372019;Cystoseira prolifera;Hormophysa cuneiformis;;
238877;372019;Fucus articulatus;Hormophysa cuneiformis;;
500142;372019;Cystoseira latifrons;Hormophysa cuneiformis;;
220799;372019;Hormophysa articulata;Hormophysa cuneiformis;;
220800;372019;Hormophysa triquetra;Hormophysa cuneiformis;;
373322;373322;Hormosira banksii;Hormosira banksii;1;
708423;373322;Hormosira billardierii;Hormosira banksii;1;
666605;373322;Hormosira sieberi;Hormosira banksii;1;
496101;496101;Kjellmaniella crassifolia;Kjellmaniella crassifolia;;
377127;496101;Saccharina sculpera;Kjellmaniella crassifolia;;
373196;373196;Laminaria abyssalis;Laminaria abyssalis;;1
622649;622649;Laminaria appressirhiza;Laminaria appressirhiza;;1
373197;373197;Laminaria brasiliensis;Laminaria brasiliensis;;1
374924;374924;Laminaria bullata;Laminaria bullata;;1
659913;659913;Laminaria cuneifolia;Laminaria cuneifolia;;1
145724;145724;Laminaria digitata;Laminaria digitata;;1
500195;145724;Laminaria flexicaulis;Laminaria digitata;;1
496322;145724;Laminaria intermedia;Laminaria digitata;;1
496323;145724;Laminaria stenophylla;Laminaria digitata;;1
500970;145724;Laminaria cucullata;Laminaria digitata;;1
500971;145724;Laminaria latifolia;Laminaria digitata;;1
239232;145724;Fucus digitatus;Laminaria digitata;;1
503430;503430;Laminaria discolor;Laminaria discolor;;1
372506;372506;Laminaria ephemera;Laminaria ephemera;;1
372698;372698;Laminaria farlowii;Laminaria farlowii;;1
503431;503431;Laminaria fissilis;Laminaria fissilis;;1
503432;503432;Laminaria gunneri;Laminaria gunneri;;1
145725;145725;Laminaria hyperborea;Laminaria hyperborea;;1
496430;145725;Laminaria cloustonii;Laminaria hyperborea;;1
622672;622672;Laminaria inclinatorhiza;Laminaria inclinatorhiza;;1
494968;494968;Laminaria longipes;Laminaria longipes;;1
145728;145728;Laminaria ochroleuca;Laminaria ochroleuca;;1
499102;145728;Laminaria iberica;Laminaria ochroleuca;;1
214346;214346;Laminaria pallida;Laminaria pallida;;1
498352;214346;Laminaria schinzii;Laminaria pallida;;1
376077;376077;Laminaria platymeris;Laminaria platymeris;;1
145729;145729;Laminaria rodriguezii;Laminaria rodriguezii;;1
376566;376566;Laminaria ruprechtii;Laminaria ruprechtii;;1
240748;240748;Laminaria setchellii;Laminaria setchellii;;1
372507;372507;Laminaria sinclairii;Laminaria sinclairii;;1
502113;372507;Laminaria andersonii;Laminaria sinclairii;;1
145731;145731;Laminaria solidungula;Laminaria solidungula;;1
371993;371993;Laminaria yezoensis;Laminaria yezoensis;;1
669167;371993;Laminaria personata;Laminaria yezoensis;;1
707988;707988;Landsburgia ilicifolia;Landsburgia ilicifolia;;
373481;373481;Landsburgia myricifolia;Landsburgia myricifolia;;
373376;373376;Landsburgia quercifolia;Landsburgia quercifolia;;
373469;373469;Lessonia adamsiae;Lessonia adamsiae;;1
666977;666977;Lessonia berteroana;Lessonia berteroana;;1
373468;373468;Lessonia brevifolia;Lessonia brevifolia;;1
374836;374836;Lessonia corrugata;Lessonia corrugata;;1
499773;499773;Lessonia flavicans;Lessonia flavicans;;1
374292;499773;Lessonia frutescens;Lessonia flavicans;;1
375079;499773;Lessonia vadosa;Lessonia flavicans;;1
374293;499773;Lessonia fuscescens;Lessonia flavicans;;1
373654;373654;Lessonia nigrescens;Lessonia nigrescens;;1
623595;623595;Lessonia searlesiana;Lessonia searlesiana;;1
837696;837696;Lessonia spicata;Lessonia spicata;;1
373470;373470;Lessonia tholiformis;Lessonia tholiformis;;1
373655;373655;Lessonia trabeculata;Lessonia trabeculata;;1
373467;373467;Lessonia variegata;Lessonia variegata;;1
372508;372508;Lessoniopsis littoralis;Lessoniopsis littoralis;;1
497644;372508;Lessonia littoralis;Lessoniopsis littoralis;;1
232231;232231;Macrocystis pyrifera;Macrocystis pyrifera;;1
372509;232231;Macrocystis integrifolia;Macrocystis pyrifera;;1
214347;232231;Macrocystis angustifolia;Macrocystis pyrifera;;1
373474;373474;Marginariella boryana;Marginariella boryana;;
497846;373474;Marginaria boryana;Marginariella boryana;;
623340;623340;Marginariella parsonsii;Marginariella parsonsii;;
373473;373473;Marginariella urvilliana;Marginariella urvilliana;;
497845;373473;Marginaria urvilliana;Marginariella urvilliana;;
498405;372020;Cystophyllum turneri;Myagropsis myagroides;;
372020;372020;Myagropsis myagroides;Myagropsis myagroides;;
498404;372020;Cystophyllum sisymbroides;Myagropsis myagroides;;
498403;372020;Cystophyllum caespitosum;Myagropsis myagroides;;
498402;372020;Myagropsis yendoi;Myagropsis myagroides;;
374887;374887;Myriodesma calophyllum;Myriodesma calophyllum;;
374885;374885;Myriodesma harveyanum;Myriodesma harveyanum;;
374466;374466;Myriodesma integrifolium;Myriodesma integrifolium;;
374884;374884;Myriodesma leptophyllum;Myriodesma leptophyllum;;
500145;374468;Myriodesma latifolium;Myriodesma quercifolium;;
374468;374468;Myriodesma quercifolium;Myriodesma quercifolium;;
374469;374469;Myriodesma serrulatum;Myriodesma serrulatum;;
374886;374886;Myriodesma tuberosum;Myriodesma tuberosum;;
372699;1313053;Agarum fimbriatum;Neoagarum fimbriatum;;1
1313053;1313053;Neoagarum fimbriatum;Neoagarum fimbriatum;;1
371983;1312890;Agarum oharaense;Neoagarum oharaense;;1
240752;240752;Nereocystis luetkeana;Nereocystis luetkeana;;1
374472;374472;Nizamuddinia zanardinii;Nizamuddinia zanardinii;;
500052;374472;Sargassum zanardinii;Nizamuddinia zanardinii;;
373348;373348;Notheia anomala;Notheia anomala;;
214356;214356;Oerstedtia scalaris;Oerstedtia scalaris;;
500054;214356;Carpophyllum scalare;Oerstedtia scalaris;;
372700;372700;Pelagophycus porra;Pelagophycus porra;;
498512;372700;Pelagophycus giganteus;Pelagophycus porra;;
145550;145550;Pelvetia canaliculata;Pelvetia canaliculata;1;
239225;145550;Fucus canaliculatus;Pelvetia canaliculata;1;
499539;145550;Fucodium canaliculatum;Pelvetia canaliculata;1;
372701;372701;Pelvetiopsis arborescens;Pelvetiopsis arborescens;1;
374117;1313566;Hesperophycus californicus;Pelvetiopsis californica;1;
496254;1313566;Hesperophycus harveyanus;Pelvetiopsis californica;1;
497710;1313566;Fucus harveyanus;Pelvetiopsis californica;1;
372511;372511;Pelvetiopsis limitata;Pelvetiopsis limitata;1;
145732;145732;Phyllariopsis brevipes;Phyllariopsis brevipes;;1
381642;145732;Phyllaria reniformis;Phyllariopsis brevipes;;1
499107;145732;Laminaria brevipes;Phyllariopsis brevipes;;1
145733;145733;Phyllariopsis purpurascens;Phyllariopsis purpurascens;;1
497112;145733;Phyllaria purpurascens;Phyllariopsis purpurascens;;1
374705;374705;Phyllospadix iwatensis;Phyllospadix iwatensis;;
374706;374706;Phyllospadix japonicus;Phyllospadix japonicus;;
374707;374707;Phyllospadix scouleri;Phyllospadix scouleri;;
374708;374708;Phyllospadix serrulatus;Phyllospadix serrulatus;;
374709;374709;Phyllospadix torreyi;Phyllospadix torreyi;;
374788;374788;Phyllospora comosa;Phyllospora comosa;;
836928;836928;Phyllotricha decipiens;Phyllotricha decipiens;;
500832;836928;Sargassum muriculatum;Phyllotricha decipiens;;
495039;836928;Sargassum decipiens;Phyllotricha decipiens;;
374475;836928;Sargassum (Phyllotricha) decipiens;Phyllotricha decipiens;;
660700;660700;Phyllotricha sonderi;Phyllotricha sonderi;;
837700;837700;Phyllotricha varians;Phyllotricha varians;;
495061;837700;Sargassum varians;Phyllotricha varians;;
240509;837700;Sargassum (Phyllotricha) varians;Phyllotricha varians;;
837699;837699;Phyllotricha verruculosa;Phyllotricha verruculosa;;
494928;837699;Sargassum verruculosum;Phyllotricha verruculosa;;
494875;837699;Sargassum trichophyllum;Phyllotricha verruculosa;;
240511;837699;Sargassum (Phyllotricha) verruculosum;Phyllotricha verruculosa;;
374470;374470;Platythalia angustifolia;Platythalia angustifolia;;
500047;374470;Carpoglossum angustifolium;Platythalia angustifolia;;
374471;374471;Platythalia quercifolia;Platythalia quercifolia;;
500050;374471;Carpoglossum quercifolium;Platythalia quercifolia;;
372517;372517;Pleurophycus gardneri;Pleurophycus gardneri;;
374458;624313;Acystis heinii;Polycladia heinii;;
624314;624314;Polycladia indica;Polycladia indica;;
374465;624314;Cystoseira indica;Polycladia indica;;
214353;624315;Cystoseira myrica;Polycladia myrica;;
624315;624315;Polycladia myrica;Polycladia myrica;;
374711;374711;Posidonia angustifolia;Posidonia angustifolia;;1
374712;374712;Posidonia australis;Posidonia australis;;1
374729;374729;Posidonia denhartogii;Posidonia denhartogii;;1
145794;145794;Posidonia oceanica;Posidonia oceanica;;1
374713;374713;Posidonia ostenfeldii;Posidonia ostenfeldii;;1
660627;374713;Posidonia coriacea;Posidonia ostenfeldii;;1
660628;374713;Posidonia robertsoniae;Posidonia ostenfeldii;;1
374714;374714;Posidonia sinuosa;Posidonia sinuosa;;1
372518;372518;Postelsia palmaeformis;Postelsia palmaeformis;1;
371995;371995;Pseudochorda nagaii;Pseudochorda nagaii;;
699529;377148;Lessonia laminariiformis;Pseudolessonia laminarioides;;
377148;377148;Pseudolessonia laminarioides;Pseudolessonia laminarioides;;
240750;240750;Pterygophora californica;Pterygophora californica;;1
377078;377078;Saccharina angustata;Saccharina angustata;;1
371992;377078;Laminaria angustata;Saccharina angustata;;1
496103;377079;Laminaria cichorioides;Saccharina cichorioides;;1
377079;377079;Saccharina cichorioides;Saccharina cichorioides;;1
526724;526662;Laminaria coriacea;Saccharina cichorioides f. coriacea;;1
377080;526662;Saccharina coriacea;Saccharina cichorioides f. coriacea;;1
526662;526662;Saccharina cichorioides f. coriacea;Saccharina cichorioides f. coriacea;;1
373982;707777;Laminaria complanata;Saccharina complanata;;1
707777;707777;Saccharina complanata;Saccharina complanata;;1
708404;376876;Cymathaere crassifolia;Saccharina crassifolia;;1
668806;377243;Laminaria gurjanovae;Saccharina gurjanovae;;1
377083;377083;Saccharina gyrata;Saccharina gyrata;;1
496102;377083;Kjellmaniella gyrata;Saccharina gyrata;;1
377084;377084;Saccharina japonica;Saccharina japonica;;1
499687;377084;Laminaria fragilis;Saccharina japonica;;1
145726;377084;Laminaria japonica;Saccharina japonica;;1
377121;847542;Saccharina longipedalis;Saccharina japonica var. diabolica;;1
496105;847542;Laminaria longipedalis;Saccharina japonica var. diabolica;;1
526725;847542;Laminaria diabolica;Saccharina japonica var. diabolica;;1
847542;847542;Saccharina japonica var. diabolica;Saccharina japonica var. diabolica;;1
232227;847543;Laminaria ochotensis;Saccharina japonica var. ochotensis;;1
847543;847543;Saccharina japonica var. ochotensis;Saccharina japonica var. ochotensis;;1
496106;847544;Laminaria religiosa;Saccharina japonica var. religiosa;;1
377088;847544;Saccharina religiosa;Saccharina japonica var. religiosa;;1
847544;847544;Saccharina japonica var. religiosa;Saccharina japonica var. religiosa;;1
496099;377085;Cymathaere japonica;Saccharina kurilensis;;1
377085;377085;Saccharina kurilensis;Saccharina kurilensis;;1
234483;234483;Saccharina latissima;Saccharina latissima;;1
377082;234483;Saccharina groenlandica;Saccharina latissima;;1
145730;234483;Laminaria saccharina;Saccharina latissima;;1
526937;234483;Saccharina subsimplex;Saccharina latissima;;1
499087;234483;Laminaria groenlandica;Saccharina latissima;;1
146304;234483;Laminaria agardhii;Saccharina latissima;;1
497300;234483;Laminaria faeroensis;Saccharina latissima;;1
499104;234483;Laminaria phyllitis;Saccharina latissima;;1
500974;234483;Laminaria maxima;Saccharina latissima;;1
500772;234483;Laminaria caperata;Saccharina latissima;;1
500977;234483;Fucus phyllitis;Saccharina latissima;;1
499103;234483;Fucus saccharinus;Saccharina latissima;;1
500973;234483;Laminaria hieroglyphica;Saccharina latissima;;1
497302;234483;Laminaria phyllopus;Saccharina latissima;;1
376877;376877;Saccharina longicruris;Saccharina longicruris;;1
157209;376877;Laminaria longicruris;Saccharina longicruris;;1
496104;377086;Laminaria longissima;Saccharina longissima;;1
377086;377086;Saccharina longissima;Saccharina longissima;;1
145727;1313320;Laminaria nigripes;Saccharina nigripes;;1
1313320;1313320;Saccharina nigripes;Saccharina nigripes;;1
496108;844264;Laminaria sachalinensis;Saccharina sachalinensis;;1
844264;844264;Saccharina sachalinensis;Saccharina sachalinensis;;1
496107;377089;Laminaria yendoana;Saccharina yendoana;;1
377089;377089;Saccharina yendoana;Saccharina yendoana;;1
145734;145734;Saccorhiza dermatodea;Saccorhiza dermatodea;;1
497303;145734;Phyllaria dermatodea;Saccorhiza dermatodea;;1
499086;145734;Laminaria dermatodea;Saccorhiza dermatodea;;1
500978;145734;Laminaria lorea;Saccorhiza dermatodea;;1
249683;145734;Phyllaria lorea;Saccorhiza dermatodea;;1
145735;145735;Saccorhiza polyschides;Saccorhiza polyschides;;1
163293;145735;Saccorhiza bulbosa;Saccorhiza polyschides;;1
499111;145735;Haligenia bulbosa;Saccorhiza polyschides;;1
499110;145735;Laminaria bulbosa;Saccorhiza polyschides;;1
499109;145735;Fucus bulbosus;Saccorhiza polyschides;;1
623861;623861;Sargassopsis decurrens;Sargassopsis decurrens;;1
500831;623861;Sargassum scabripes;Sargassopsis decurrens;;1
495396;623861;Sargassum boryi;Sargassopsis decurrens;;1
495040;623861;Sargassum decurrens;Sargassopsis decurrens;;1
495053;623861;Sargassum peronii;Sargassopsis decurrens;;1
500220;623861;Sargassopsis peronii;Sargassopsis decurrens;;1
374476;623861;Sargassum (Phyllotricha) decurrens;Sargassopsis decurrens;;1
495047;837698;Sargassum heteromorphum;Sargassopsis heteromorphum;;1
837698;837698;Sargassopsis heteromorphum;Sargassopsis heteromorphum;;1
373208;373208;Sargassum (Sargassum) stenophyllum;Sargassum (Sargassum) stenophyllum;;1
495245;495245;Sargassum abbottiae;Sargassum abbottiae;;1
375406;375406;Sargassum acinacifolium;Sargassum acinacifolium;;1
240492;240492;Sargassum acinaciforme;Sargassum acinaciforme;;1
145552;145552;Sargassum acinarium;Sargassum acinarium;;1
211967;145552;Sargassum linifolium;Sargassum acinarium;;1
494906;494906;Sargassum agardhianum;Sargassum agardhianum;;1
495118;495118;Sargassum agaviforme;Sargassum agaviforme;;1
375500;375500;Sargassum albemarlense;Sargassum albemarlense;;1
503512;503512;Sargassum albertisii;Sargassum albertisii;;1
494842;494842;Sargassum alternato-pinnatum;Sargassum alternato-pinnatum;;1
375331;375331;Sargassum amabile;Sargassum amabile;;1
374620;374620;Sargassum amaliae;Sargassum amaliae;;1
494843;494843;Sargassum ammophilum;Sargassum ammophilum;;1
494844;494844;Sargassum angustifolium;Sargassum angustifolium;;1
501984;494844;Sargassum flexile;Sargassum angustifolium;;1
372023;494844;Sargassum (Sargassum) angustifolium;Sargassum angustifolium;;1
499480;211988;Sargassum echinocarpum;Sargassum aquifolium;;1
499481;211988;Sargassum fonanonense;Sargassum aquifolium;;1
496115;211988;Sargassum crassifolium;Sargassum aquifolium;;1
211988;211988;Sargassum aquifolium;Sargassum aquifolium;;1
495038;211988;Sargassum biserrula;Sargassum aquifolium;;1
500215;211988;Sargassum coriifolium;Sargassum aquifolium;;1
495011;211988;Sargassum heterocystum;Sargassum aquifolium;;1
495015;211988;Sargassum oocyste;Sargassum aquifolium;;1
499479;211988;Sargassum anapense;Sargassum aquifolium;;1
211994;211988;Sargassum binderi;Sargassum aquifolium;;1
374172;211988;Sargassum odontocarpum;Sargassum aquifolium;;1
236145;211988;Sargassum (Sargassum) biserrula;Sargassum aquifolium;;1
211969;211988;Sargassum (Sargassum) crassifolium;Sargassum aquifolium;;1
236147;211988;Sargassum (Sargassum) echinocarpum;Sargassum aquifolium;;1
374244;374244;Sargassum araii;Sargassum araii;;1
503390;503390;Sargassum armatum;Sargassum armatum;;1
495037;495037;Sargassum asperifolium;Sargassum asperifolium;;1
240493;495037;Sargassum (Sargassum) asperifolium;Sargassum asperifolium;;1
494845;494845;Sargassum assimile;Sargassum assimile;;1
372024;494845;Sargassum (Sargassum) assimile;Sargassum assimile;;1
494846;494846;Sargassum autumnale;Sargassum autumnale;;1
495002;495002;Sargassum baccularia;Sargassum baccularia;;1
499512;495002;Fucus baccularia;Sargassum baccularia;;1
211968;495002;Sargassum (Sargassum) baccularia;Sargassum baccularia;;1
495113;495113;Sargassum balingasayense;Sargassum balingasayense;;1
375277;375277;Sargassum banyuejiaoense;Sargassum banyuejiaoense;;1
495246;495246;Sargassum bataanense;Sargassum bataanense;;1
375332;375332;Sargassum beihaiense;Sargassum beihaiense;;1
495003;495003;Sargassum belangeri;Sargassum belangeri;;1
374185;495003;Sargassum (Sargassum) belangeri;Sargassum belangeri;;1
373199;373199;Sargassum bermudense;Sargassum bermudense;;1
374360;374360;Sargassum bicorne;Sargassum bicorne;;1
375346;375346;Sargassum biserrulioides;Sargassum biserrulioides;;1
495378;495378;Sargassum boreale;Sargassum boreale;;1
211983;211983;Sargassum boveanum;Sargassum boveanum;;1
375413;375413;Sargassum brandegeei;Sargassum brandegeei;;1
552892;552892;Sargassum brevifolium var. pergracile;Sargassum brevifolium var. pergracile;;1
495023;495023;Sargassum bulbiferum;Sargassum bulbiferum;;1
416992;416992;Sargassum buxifolium;Sargassum buxifolium;;1
211973;211973;Sargassum calophyllum;Sargassum calophyllum;;1
236149;236149;Sargassum capillare;Sargassum capillare;;1
236148;236149;Sargassum gracile;Sargassum capillare;;1
495116;495116;Sargassum capilliforme;Sargassum capilliforme;;1
375286;375286;Sargassum capitatum;Sargassum capitatum;;1
494847;494847;Sargassum carpophyllum;Sargassum carpophyllum;;1
212003;494847;Sargassum (Sargassum) carpophyllum;Sargassum carpophyllum;;1
495004;495004;Sargassum cervicorne;Sargassum cervicorne;;1
374186;495004;Sargassum (Sargassum) cervicorne;Sargassum cervicorne;;1
495000;495000;Sargassum cinctum;Sargassum cinctum;;1
211980;495000;Sargassum (Sargassum) cinctum;Sargassum cinctum;;1
494976;494976;Sargassum cinereum;Sargassum cinereum;;1
374073;494976;Sargassum (Sargassum) cinereum;Sargassum cinereum;;1
374621;374621;Sargassum claviferum;Sargassum claviferum;;1
374473;374473;Sargassum concinnum;Sargassum concinnum;;1
494848;494848;Sargassum confusum;Sargassum confusum;;1
374359;374359;Sargassum congkinhii;Sargassum congkinhii;;1
495397;495397;Sargassum coreanum;Sargassum coreanum;;1
374474;374474;Sargassum cornigerum;Sargassum cornigerum;;1
375898;375898;Sargassum cornutifructum;Sargassum cornutifructum;;1
375280;375280;Sargassum costatum;Sargassum costatum;;1
376107;376107;Sargassum cotoense;Sargassum cotoense;;1
494849;494849;Sargassum crispifolium;Sargassum crispifolium;;1
495247;495247;Sargassum currimaoense;Sargassum currimaoense;;1
236146;236146;Sargassum cylindrocystum;Sargassum cylindrocystum;;1
494799;494799;Sargassum cymosum;Sargassum cymosum;;1
145553;494799;Sargassum (Sargassum) cymosum;Sargassum cymosum;;1
500059;553239;Sargassum dichocarpum;Sargassum cymosum f. dichocarpum;;1
553239;553239;Sargassum cymosum f. dichocarpum;Sargassum cymosum f. dichocarpum;;1
501961;550881;Sargassum cheirifolium;Sargassum cymosum var. esperi;;1
550881;550881;Sargassum cymosum var. esperi;Sargassum cymosum var. esperi;;1
495005;495005;Sargassum cystocarpum;Sargassum cystocarpum;;1
495006;495006;Sargassum cystophyllum;Sargassum cystophyllum;;1
375330;375330;Sargassum dazhouense;Sargassum dazhouense;;1
495387;495387;Sargassum decaisnei;Sargassum decaisnei;;1
375285;375285;Sargassum densicystum;Sargassum densicystum;;1
212001;212001;Sargassum densifolium;Sargassum densifolium;;1
494900;212001;Sargassum obovatum;Sargassum densifolium;;1
211941;212001;Sargassum (Sargassum) obovatum;Sargassum densifolium;;1
495248;495248;Sargassum denticarpum;Sargassum denticarpum;;1
211945;211945;Sargassum dentifolium;Sargassum dentifolium;;1
145554;145554;Sargassum desfontainesii;Sargassum desfontainesii;;1
495041;495041;Sargassum desvauxii;Sargassum desvauxii;;1
374477;495041;Sargassum (Sargassum) desvauxii;Sargassum desvauxii;;1
499510;495042;Sargassum aemulum;Sargassum distichum;;1
495042;495042;Sargassum distichum;Sargassum distichum;;1
499511;495042;Sargassum cristatum;Sargassum distichum;;1
374478;374478;Sargassum divaricatum;Sargassum divaricatum;;1
495130;495130;Sargassum dotyi;Sargassum dotyi;;1
374479;374479;Sargassum dumosum;Sargassum dumosum;;1
495142;495142;Sargassum ecuadoreanum;Sargassum ecuadoreanum;;1
211949;211949;Sargassum elegans;Sargassum elegans;;1
494973;494973;Sargassum emarginatum;Sargassum emarginatum;;1
500149;374498;Sargassum acanthicarpum;Sargassum erinaceum;;1
374498;374498;Sargassum erinaceum;Sargassum erinaceum;;1
707950;707950;Sargassum erosum;Sargassum erosum;;1
495129;495129;Sargassum erumpens;Sargassum erumpens;;1
373200;373200;Sargassum esperi;Sargassum esperi;;1
375287;375287;Sargassum euryphyllum;Sargassum euryphyllum;;1
495044;495044;Sargassum fallax;Sargassum fallax;;1
500151;495044;Sargassum bracteolosum;Sargassum fallax;;1
495031;495031;Sargassum feldmannii;Sargassum feldmannii;;1
374499;374499;Sargassum fergusonii;Sargassum fergusonii;;1
495007;495007;Sargassum filifolium;Sargassum filifolium;;1
240497;495007;Sargassum (Sargassum) filifolium;Sargassum filifolium;;1
499514;550973;Sargassum aciculare;Sargassum filifolium var. aciculare;;1
550973;550973;Sargassum filifolium var. aciculare;Sargassum filifolium var. aciculare;;1
495008;495008;Sargassum filiforme;Sargassum filiforme;;1
494800;494800;Sargassum filipendula;Sargassum filipendula;;1
502729;494800;Sargassum affine;Sargassum filipendula;;1
145555;494800;Sargassum (Sargassum) filipendula;Sargassum filipendula;;1
501910;550885;Sargassum montagnei;Sargassum filipendula var. montagnei;;1
550885;550885;Sargassum filipendula var. montagnei;Sargassum filipendula var. montagnei;;1
240498;240498;Sargassum fissifolium;Sargassum fissifolium;;1
495030;495030;Sargassum flavicans;Sargassum flavicans;;1
240499;495030;Sargassum (Sargassum) flavicans;Sargassum flavicans;;1
551027;551027;Sargassum flavicans var. pervillei;Sargassum flavicans var. pervillei;;1
211978;551027;Sargassum flavicans van pervillei;Sargassum flavicans var. pervillei;;1
145556;145556;Sargassum flavifolium;Sargassum flavifolium;;1
157202;157202;Sargassum fluitans;Sargassum fluitans;;1
240501;240501;Sargassum fresenianum;Sargassum fresenianum;;1
495119;495119;Sargassum frutescens;Sargassum frutescens;;1
495120;495120;Sargassum fruticulosum;Sargassum fruticulosum;;1
375350;375350;Sargassum fujianense;Sargassum fujianense;;1
375294;375294;Sargassum fuliginosoides;Sargassum fuliginosoides;;1
494850;494850;Sargassum fulvellum;Sargassum fulvellum;;1
498407;494850;Sargassum enerve;Sargassum fulvellum;;1
145557;145557;Sargassum furcatum;Sargassum furcatum;;1
375343;375343;Sargassum fuscifolium;Sargassum fuscifolium;;1
496112;494972;Hizikia fusiformis;Sargassum fusiforme;;1
494972;494972;Sargassum fusiforme;Sargassum fusiforme;;1
499698;494972;Cystophyllum fusiforme;Sargassum fusiforme;;1
495137;495137;Sargassum galapagense;Sargassum galapagense;;1
375295;375295;Sargassum gemmiphorum;Sargassum gemmiphorum;;1
494851;494851;Sargassum giganteifolium;Sargassum giganteifolium;;1
494977;494977;Sargassum glaucescens;Sargassum glaucescens;;1
500156;494977;Sargassum ornatum;Sargassum glaucescens;;1
374074;494977;Sargassum (Sargassum) glaucescens;Sargassum glaucescens;;1
551029;551029;Sargassum glaucescens var. ivanii;Sargassum glaucescens var. ivanii;;1
374623;374623;Sargassum godeffroyi;Sargassum godeffroyi;;1
495114;495114;Sargassum gracillimum;Sargassum gracillimum;;1
494978;494978;Sargassum graminifolium;Sargassum graminifolium;;1
495010;495010;Sargassum granuliferum;Sargassum granuliferum;;1
211992;495010;Sargassum (Sargassum) granuliferum;Sargassum granuliferum;;1
495121;495121;Sargassum guangdongii;Sargassum guangdongii;;1
495125;495125;Sargassum hainanense;Sargassum hainanense;;1
495045;495045;Sargassum hemiphylloides;Sargassum hemiphylloides;;1
494852;494852;Sargassum hemiphyllum;Sargassum hemiphyllum;;1
499706;494852;Sargassum micromerum;Sargassum hemiphyllum;;1
494979;494979;Sargassum henslowianum;Sargassum henslowianum;;1
374502;374502;Sargassum herbaceum;Sargassum herbaceum;;1
494974;494974;Sargassum herklotsii;Sargassum herklotsii;;1
375416;375416;Sargassum herporhizum;Sargassum herporhizum;;1
211958;211958;Sargassum hildebrandtii;Sargassum hildebrandtii;;1
211977;211977;Sargassum hombronianum;Sargassum hombronianum;;1
494853;494853;Sargassum horneri;Sargassum horneri;;1
496117;494853;Sargassum filicinum;Sargassum horneri;;1
499708;494853;Sargassum spathulatum;Sargassum horneri;;1
526783;494853;Sargassum fengeri;Sargassum horneri;;1
494809;494809;Sargassum hornschuchii;Sargassum hornschuchii;;1
145558;494809;Sargassum (Sargassum) hornschuchii;Sargassum hornschuchii;;1
526712;526712;Sargassum horridulum;Sargassum horridulum;;1
375411;375410;Sargassum marchantiae;Sargassum horridum;;1
375410;375410;Sargassum horridum;Sargassum horridum;;1
619363;619363;Sargassum howeanum;Sargassum howeanum;;1
495140;495140;Sargassum howellii;Sargassum howellii;;1
375274;375274;Sargassum huangluense;Sargassum huangluense;;1
373201;373201;Sargassum hystrix;Sargassum hystrix;;1
375336;375336;Sargassum ilicifolioides;Sargassum ilicifolioides;;1
496116;494899;Sargassum cristaefolium;Sargassum ilicifolium;;1
494899;494899;Sargassum ilicifolium;Sargassum ilicifolium;;1
374189;494899;Sargassum droserifolium;Sargassum ilicifolium;;1
548053;494899;Sargassum duplicatum;Sargassum ilicifolium;;1
496119;494899;Sargassum sandei;Sargassum ilicifolium;;1
496113;494899;Sargassum berberifolium;Sargassum ilicifolium;;1
374080;494899;Sargassum turbinatifolium;Sargassum ilicifolium;;1
211933;494899;Sargassum (Sargassum) cristaefolium;Sargassum ilicifolium;;1
211937;494899;Sargassum (Sargassum) ilicifolium;Sargassum ilicifolium;;1
550975;550975;Sargassum ilicifolium var. compactum;Sargassum ilicifolium var. compactum;;1
495024;495024;Sargassum incanum;Sargassum incanum;;1
211935;211935;Sargassum incisifolium;Sargassum incisifolium;;1
381742;211935;Sargassum heterophyllum;Sargassum incisifolium;;1
375337;375337;Sargassum integerrimum;Sargassum integerrimum;;1
375298;375298;Sargassum integrifolioides;Sargassum integrifolioides;;1
495127;495127;Sargassum intermedium;Sargassum intermedium;;1
494927;494927;Sargassum johnsonii;Sargassum johnsonii;;1
374524;374524;Sargassum johnstonii;Sargassum johnstonii;;1
375407;374524;Sargassum guardiense;Sargassum johnstonii;;1
372033;372033;Sargassum kashiwajimanum;Sargassum kashiwajimanum;;1
375341;375341;Sargassum kasyotense;Sargassum kasyotense;;1
494980;494980;Sargassum kuetzingii;Sargassum kuetzingii;;1
494854;494854;Sargassum kushimotense;Sargassum kushimotense;;1
240503;240503;Sargassum lacerifolium;Sargassum lacerifolium;;1
500845;240503;Carpacanthus racemosus;Sargassum lacerifolium;;1
374525;374525;Sargassum lanceolatum;Sargassum lanceolatum;;1
375408;375408;Sargassum lapazeanum;Sargassum lapazeanum;;1
375412;375408;Sargassum insulare;Sargassum lapazeanum;;1
495012;495012;Sargassum latifolium;Sargassum latifolium;;1
212002;495012;Sargassum (Sargassum) latifolium;Sargassum latifolium;;1
553518;553518;Sargassum latifolium f. polycarpum;Sargassum latifolium f. polycarpum;;1
495112;495112;Sargassum laxifolium;Sargassum laxifolium;;1
495122;495122;Sargassum leizhouense;Sargassum leizhouense;;1
211957;211957;Sargassum lendigerum;Sargassum lendigerum;;1
500204;211957;Fucus lendigerus;Sargassum lendigerum;;1
374625;374625;Sargassum leptopodum;Sargassum leptopodum;;1
495141;495141;Sargassum liebmannii;Sargassum liebmannii;;1
374526;374526;Sargassum ligulatum;Sargassum ligulatum;;1
495051;495051;Sargassum linearifolium;Sargassum linearifolium;;1
500208;495051;Sargassum merrifieldiae;Sargassum linearifolium;;1
495115;495115;Sargassum longicaulis;Sargassum longicaulis;;1
495025;495025;Sargassum longifructum;Sargassum longifructum;;1
375344;375344;Sargassum longivesiculosum;Sargassum longivesiculosum;;1
495073;495073;Sargassum lophocarpum;Sargassum lophocarpum;;1
374626;495073;Sargassum (Sargassum) lophocarpum;Sargassum lophocarpum;;1
375607;375607;Sargassum macdougalii;Sargassum macdougalii;;1
494855;494855;Sargassum macrocarpum;Sargassum macrocarpum;;1
374527;374527;Sargassum marginatum;Sargassum marginatum;;1
495029;495029;Sargassum mcclurei;Sargassum mcclurei;;1
211942;495029;Sargassum (Sargassum) mcclurei;Sargassum mcclurei;;1
375329;375329;Sargassum megalocystum;Sargassum megalocystum;;1
494856;494856;Sargassum micracanthum;Sargassum micracanthum;;1
499711;494856;Sargassum kiushianum;Sargassum micracanthum;;1
494857;494857;Sargassum microceratium;Sargassum microceratium;;1
555592;555592;Sargassum microcystum;Sargassum microcystum;;1
212000;555592;Sargassum (Sargassum) microcystum;Sargassum microcystum;;1
495014;495014;Sargassum microphyllum;Sargassum microphyllum;;1
374192;495014;Sargassum (Sargassum) microphyllum;Sargassum microphyllum;;1
494858;494858;Sargassum miyabei;Sargassum miyabei;;1
498408;494858;Sargassum kjellmanianum;Sargassum miyabei;;1
840194;840194;Sargassum moelleri;Sargassum moelleri;;1
494791;494791;Sargassum muticum;Sargassum muticum;;1
145559;494791;Sargassum (Bactrophycus) muticum;Sargassum muticum;;1
375278;375278;Sargassum nanshaense;Sargassum nanshaense;;1
495111;495111;Sargassum naozhounse;Sargassum naozhounse;;1
145560;145560;Sargassum natans;Sargassum natans;;1
240494;145560;Sargassum bacciferum;Sargassum natans;;1
239246;145560;Fucus natans;Sargassum natans;;1
374627;374627;Sargassum neurophorum;Sargassum neurophorum;;1
376643;376643;Sargassum nigrescens;Sargassum nigrescens;;1
375271;375271;Sargassum nigrifolioides;Sargassum nigrifolioides;;1
494859;494859;Sargassum nigrifolium;Sargassum nigrifolium;;1
494860;494860;Sargassum nipponicum;Sargassum nipponicum;;1
500211;211947;Sargassum crispum;Sargassum notarisii;;1
211947;211947;Sargassum notarisii;Sargassum notarisii;;1
240500;211947;Sargassum forsskalii;Sargassum notarisii;;1
374528;374528;Sargassum novae-hollandiae;Sargassum novae-hollandiae;;1
494916;374528;Sargassum stenophyllum;Sargassum novae-hollandiae;;1
495336;495336;Sargassum nozhouense;Sargassum nozhouense;;1
496317;495309;Sargassum skottsbergii;Sargassum obtusifolium;;1
495309;495309;Sargassum obtusifolium;Sargassum obtusifolium;;1
500173;495309;Sargassum hawaiiense;Sargassum obtusifolium;;1
495249;495249;Sargassum ohnoi;Sargassum ohnoi;;1
494861;494861;Sargassum okamurae;Sargassum okamurae;;1
494981;494981;Sargassum oligocystum;Sargassum oligocystum;;1
500216;494981;Carpacanthus oligocystus;Sargassum oligocystum;;1
211996;494981;Sargassum (Sargassum) oligocystum;Sargassum oligocystum;;1
495052;495052;Sargassum pacificum;Sargassum pacificum;;1
502332;495052;Sargassum sociale;Sargassum pacificum;;1
496301;495052;Sargassum tahitense;Sargassum pacificum;;1
502847;495052;Sargassum boraborense;Sargassum pacificum;;1
502331;495052;Sargassum mangarevense;Sargassum pacificum;;1
494862;494862;Sargassum pallidum;Sargassum pallidum;;1
499716;494862;Halochloa pallida;Sargassum pallidum;;1
494907;494907;Sargassum palmeri;Sargassum palmeri;;1
502705;494907;Sargassum dissectifolium;Sargassum palmeri;;1
495016;495016;Sargassum paniculatum;Sargassum paniculatum;;1
211964;495016;Sargassum (Sargassum) paniculatum;Sargassum paniculatum;;1
495091;495091;Sargassum paradoxum;Sargassum paradoxum;;1
381748;495091;Sargassum undulatum;Sargassum paradoxum;;1
500837;495091;Sargassum membranaceum;Sargassum paradoxum;;1
500835;495091;Sargassum grande;Sargassum paradoxum;;1
240504;495091;Sargassum (Arthrophycus) paradoxum;Sargassum paradoxum;;1
375342;375342;Sargassum parvifolioides;Sargassum parvifolioides;;1
495017;495017;Sargassum parvifolium;Sargassum parvifolium;;1
500217;495017;Carpacanthus parvifolius;Sargassum parvifolium;;1
211944;495017;Sargassum (Sargassum) parvifolium;Sargassum parvifolium;;1
494982;494982;Sargassum parvivesiculosum;Sargassum parvivesiculosum;;1
494863;494863;Sargassum patens;Sargassum patens;;1
708406;551134;Sargassum rodgersianum;Sargassum patens var. rodgersianum;;1
550981;550981;Sargassum patens var. schizophyllum;Sargassum patens var. schizophyllum;;1
211943;211943;Sargassum persicum;Sargassum persicum;;1
376108;376108;Sargassum phamhoangii;Sargassum phamhoangii;;1
374194;374194;Sargassum philippinense;Sargassum philippinense;;1
494975;494975;Sargassum phyllocystum;Sargassum phyllocystum;;1
494864;494864;Sargassum piluliferum;Sargassum piluliferum;;1
503747;494864;Sargassum pinnatifolium;Sargassum piluliferum;;1
211979;494864;Sargassum (Sargassum) piluliferum;Sargassum piluliferum;;1
372044;372044;Sargassum pinnatifidum;Sargassum pinnatifidum;;1
374532;374532;Sargassum plagiophyllum;Sargassum plagiophyllum;;1
495251;374532;Sargassum stolonifolium;Sargassum plagiophyllum;;1
373203;373203;Sargassum platycarpum;Sargassum platycarpum;;1
495054;495054;Sargassum podacanthum;Sargassum podacanthum;;1
707955;707955;Sargassum polyacanthum;Sargassum polyacanthum;;1
494914;494914;Sargassum polyceratium;Sargassum polyceratium;;1
373204;494914;Sargassum (Sargassum) polyceratium;Sargassum polyceratium;;1
494865;494865;Sargassum polycystum;Sargassum polycystum;;1
499521;494865;Sargassum myriocystum;Sargassum polycystum;;1
495009;494865;Sargassum gaudichaudii;Sargassum polycystum;;1
499714;494865;Sargassum opacum;Sargassum polycystum;;1
500223;494865;Sargassum ambiguum;Sargassum polycystum;;1
500224;494865;Sargassum brevifolium;Sargassum polycystum;;1
211998;494865;Sargassum (Sargassum) gaudichaudii;Sargassum polycystum;;1
374193;494865;Sargassum (Sargassum) myriocystum;Sargassum polycystum;;1
145561;494865;Sargassum (Sargassum) polycystum;Sargassum polycystum;;1
495310;495310;Sargassum polyphyllum;Sargassum polyphyllum;;1
502388;495310;Sargassum densum;Sargassum polyphyllum;;1
502389;495310;Sargassum incisum;Sargassum polyphyllum;;1
495377;495377;Sargassum polyporum;Sargassum polyporum;;1
548380;548380;Sargassum portieranum;Sargassum portieranum;;1
211953;211953;Sargassum portierianum;Sargassum portierianum;;1
495124;495124;Sargassum primitivum;Sargassum primitivum;;1
374534;374534;Sargassum prismaticum;Sargassum prismaticum;;1
374535;374535;Sargassum pseudocystocarpum;Sargassum pseudocystocarpum;;1
375348;375348;Sargassum pseudolanceolatum;Sargassum pseudolanceolatum;;1
494915;494915;Sargassum pteropleuron;Sargassum pteropleuron;;1
373205;494915;Sargassum (Sargassum) pteropleuron;Sargassum pteropleuron;;1
495055;495055;Sargassum pulchellum;Sargassum pulchellum;;1
236143;495055;Sargassum (Sargassum) pulchellum;Sargassum pulchellum;;1
375307;375307;Sargassum pumilum;Sargassum pumilum;;1
373206;373206;Sargassum pusillum;Sargassum pusillum;;1
495117;495117;Sargassum qinzhounse;Sargassum qinzhounse;;1
495128;495128;Sargassum qionghaiense;Sargassum qionghaiense;;1
388002;388002;Sargassum quinhonense;Sargassum quinhonense;;1
373207;373207;Sargassum ramifolium;Sargassum ramifolium;;1
375338;375338;Sargassum rhizophorum;Sargassum rhizophorum;;1
416994;416994;Sargassum rigidulum;Sargassum rigidulum;;1
372045;494866;Sargassum (Bactrophycus) ringgoldianum;Sargassum ringoldianum;;1
494866;494866;Sargassum ringoldianum;Sargassum ringoldianum;;1
495110;495110;Sargassum rostratum;Sargassum rostratum;;1
494867;494867;Sargassum sagamianum;Sargassum sagamianum;;1
494868;494868;Sargassum salicifolioides;Sargassum salicifolioides;;1
496118;494868;Sargassum hyugaense;Sargassum salicifolioides;;1
240505;240505;Sargassum salicifolium;Sargassum salicifolium;;1
376124;376124;Sargassum saltii;Sargassum saltii;;1
495250;495250;Sargassum samarense;Sargassum samarense;;1
375328;375328;Sargassum sanyaense;Sargassum sanyaense;;1
373325;373325;Sargassum scabridum;Sargassum scabridum;;1
374536;374536;Sargassum scherzerianum;Sargassum scherzerianum;;1
211931;211931;Sargassum scopula;Sargassum scopula;;1
494869;494869;Sargassum segii;Sargassum segii;;1
494870;494870;Sargassum serratifolium;Sargassum serratifolium;;1
500314;494870;Halochloa serratifolia;Sargassum serratifolium;;1
372049;494870;Sargassum (Bactrophycus) serratifolium;Sargassum serratifolium;;1
404138;404138;Sargassum setifolium;Sargassum setifolium;;1
495123;495123;Sargassum shangchuanii;Sargassum shangchuanii;;1
375347;375347;Sargassum siliculosoides;Sargassum siliculosoides;;1
498409;494871;Sargassum tortile;Sargassum siliquastrum;;1
500331;494871;Sargassum corynecarpum;Sargassum siliquastrum;;1
494871;494871;Sargassum siliquastrum;Sargassum siliquastrum;;1
500319;494871;Sargassum scoparium;Sargassum siliquastrum;;1
500326;494871;Sargassum macracanthum;Sargassum siliquastrum;;1
494872;494872;Sargassum siliquosum;Sargassum siliquosum;;1
211997;494872;Sargassum (Sargassum) siliquosum;Sargassum siliquosum;;1
375334;375334;Sargassum silvai;Sargassum silvai;;1
494922;494922;Sargassum sinclairii;Sargassum sinclairii;;1
375414;375414;Sargassum sinicola;Sargassum sinicola;;1
375608;495893;Sargassum camouii;Sargassum sinicola subsp. camouii;;1
495056;495056;Sargassum sonderi;Sargassum sonderi;;1
498406;376803;Sargassum asymmetricum;Sargassum sonorense;;1
376803;376803;Sargassum sonorense;Sargassum sonorense;;1
495018;495018;Sargassum spinifex;Sargassum spinifex;;1
495058;495058;Sargassum spinuligerum;Sargassum spinuligerum;;1
374537;374537;Sargassum squarrosum;Sargassum squarrosum;;1
500147;376511;Sargassum tenue;Sargassum steinitzii;;1
376511;376511;Sargassum steinitzii;Sargassum steinitzii;;1
375352;375352;Sargassum subdroserifolium;Sargassum subdroserifolium;;1
374538;374538;Sargassum subfalcatum;Sargassum subfalcatum;;1
211963;211963;Sargassum subrepandum;Sargassum subrepandum;;1
551061;551061;Sargassum subrepandum var. figarianum;Sargassum subrepandum var. figarianum;;1
381745;381745;Sargassum subrepandum var. rueppellii;Sargassum subrepandum var. rueppellii;;1
381744;381746;Sargassum turneri;Sargassum subrepandum var. rueppellii f. turneri;;1
381746;381746;Sargassum subrepandum var. rueppellii f. turneri;Sargassum subrepandum var. rueppellii f. turneri;;1
495019;495019;Sargassum subspathulatum;Sargassum subspathulatum;;1
374196;495019;Sargassum (Sargassum) subspathulatum;Sargassum subspathulatum;;1
494983;494983;Sargassum subtilissimum;Sargassum subtilissimum;;1
495252;495252;Sargassum sullivanii;Sargassum sullivanii;;1
494984;494984;Sargassum swartzii;Sargassum swartzii;;1
495063;494984;Sargassum wightii;Sargassum swartzii;;1
211946;494984;Sargassum (Sargassum) spathulaefolium;Sargassum swartzii;;1
500231;494984;Sargassum acutifolium;Sargassum swartzii;;1
211981;494984;Sargassum (Sargassum) swartzii;Sargassum swartzii;;1
374544;494984;Sargassum (Sargassum) wightii;Sargassum swartzii;;1
375339;375339;Sargassum symphyorhizoideum;Sargassum symphyorhizoideum;;1
375333;375333;Sargassum taiwanicum;Sargassum taiwanicum;;1
211948;211948;Sargassum telephifolium;Sargassum telephifolium;;1
495138;495138;Sargassum templetonii;Sargassum templetonii;;1
494985;494985;Sargassum tenerrimum;Sargassum tenerrimum;;1
500234;494985;Carpacanthus tenerrimus;Sargassum tenerrimum;;1
374079;494985;Sargassum (Sargassum) tenerrimum;Sargassum tenerrimum;;1
551063;551063;Sargassum tenerrimum var. campbellianum;Sargassum tenerrimum var. campbellianum;;1
375345;375345;Sargassum tenuifolioides;Sargassum tenuifolioides;;1
494873;494873;Sargassum tenuifolium;Sargassum tenuifolium;;1
374539;374539;Sargassum teretifolium;Sargassum teretifolium;;1
494874;494874;Sargassum thunbergii;Sargassum thunbergii;;1
500333;494874;Cystophyllum thunbergii;Sargassum thunbergii;;1
500342;494874;Sargassum swartzianum;Sargassum thunbergii;;1
500340;494874;Cystophyllum swartzii;Sargassum thunbergii;;1
500162;494874;Cystoseira thunbergii;Sargassum thunbergii;;1
239260;494874;Fucus thunbergii;Sargassum thunbergii;;1
374540;374540;Sargassum tilesii;Sargassum tilesii;;1
495059;495059;Sargassum torvum;Sargassum torvum;;1
374541;495059;Sargassum (Sargassum) torvum;Sargassum torvum;;1
372052;372052;Sargassum tosaense;Sargassum tosaense;;1
145564;145564;Sargassum trichocarpum;Sargassum trichocarpum;;1
495060;495060;Sargassum tristichum;Sargassum tristichum;;1
499513;495060;Sargassum biforme;Sargassum tristichum;;1
500238;495060;Sargassum isophyllum;Sargassum tristichum;;1
374542;495060;Sargassum (Arthrophycus) tristichum;Sargassum tristichum;;1
495032;495032;Sargassum turbinarioides;Sargassum turbinarioides;;1
374358;495032;Sargassum (Sargassum) turbinarioides;Sargassum turbinarioides;;1
495253;495253;Sargassum umezakii;Sargassum umezakii;;1
494986;494986;Sargassum vachellianum;Sargassum vachellianum;;1
375297;494986;Sargassum shandongense;Sargassum vachellianum;;1
375301;494986;Sargassum qingdaoense;Sargassum vachellianum;;1
240510;240510;Sargassum vaysierianum;Sargassum vaysierianum;;1
495254;495254;Sargassum velasquezii;Sargassum velasquezii;;1
495092;495092;Sargassum vestitum;Sargassum vestitum;;1
500840;495092;Sargassum rhyncophorum;Sargassum vestitum;;1
495062;495062;Sargassum virgatum;Sargassum virgatum;;1
240512;495062;Sargassum (Sargassum) virgatum;Sargassum virgatum;;1
377253;377253;Sargassum vizcainense;Sargassum vizcainense;;1
1311351;1311351;Sargassum vulgare f. leptocarpum;Sargassum vulgare f. leptocarpum;;1
374734;374734;Sargassum wakayamaense;Sargassum wakayamaense;;1
375335;375335;Sargassum wangii;Sargassum wangii;;1
375273;375273;Sargassum weizhounse;Sargassum weizhounse;;1
495126;495126;Sargassum wenchangense;Sargassum wenchangense;;1
619790;619790;Sargassum wolfii;Sargassum wolfii;;1
374082;374082;Sargassum xishaense;Sargassum xishaense;;1
494876;494876;Sargassum yamadae;Sargassum yamadae;;1
494877;494877;Sargassum yamamotoi;Sargassum yamamotoi;;1
494878;494878;Sargassum yendoi;Sargassum yendoi;;1
494879;494879;Sargassum yezoense;Sargassum yezoense;;1
375340;375340;Sargassum yinggehaiense;Sargassum yinggehaiense;;1
375327;375327;Sargassum yongxingense;Sargassum yongxingense;;1
495255;495255;Sargassum yoshidae;Sargassum yoshidae;;1
495139;495139;Sargassum zacae;Sargassum zacae;;1
375276;375276;Sargassum zhangii;Sargassum zhangii;;1
214354;214354;Scaberia agardhii;Scaberia agardhii;;
374550;374550;Scytothalia dorycarpa;Scytothalia dorycarpa;;
500247;374550;Scytothalia xiphocarpa;Scytothalia dorycarpa;;
374295;374295;Scytothalia obscura;Scytothalia obscura;;
374031;374031;Seirococcus axillaris;Seirococcus axillaris;;
374118;374118;Silvetia babingtonii;Silvetia babingtonii;1;
499373;374118;Pelvetia babingtonii;Silvetia babingtonii;1;
496111;374118;Pelvetia wrightii;Silvetia babingtonii;1;
374120;374120;Silvetia compressa;Silvetia compressa;1;
372260;374120;Pelvetia fastigiata;Silvetia compressa;1;
499375;374120;Pelvetia compressa;Silvetia compressa;1;
374119;374119;Silvetia siliquosa;Silvetia siliquosa;1;
499326;374119;Pelvetia siliquosa;Silvetia siliquosa;1;
214352;624312;Cystoseira trinodis;Sirophysalis trinodis;;1
500040;624312;Fucus trinodis;Sirophysalis trinodis;;
624312;624312;Sirophysalis trinodis;Sirophysalis trinodis;;
500125;624312;Cystophyllum muricatum;Sirophysalis trinodis;;
500129;624312;Cystoseira virgata;Sirophysalis trinodis;;1
500123;624312;Cystoseira muricata;Sirophysalis trinodis;;1
500128;624312;Cystophyllum onustum;Sirophysalis trinodis;;1
213675;624312;Cystophyllum trinode;Sirophysalis trinodis;;1
624316;624316;Stephanocystis crassipes;Stephanocystis crassipes;;
498399;624316;Cystophyllum crasspies;Stephanocystis crassipes;;
372016;624316;Cystoseira crassipes;Stephanocystis crassipes;;1
372704;624317;Halidrys dioica;Stephanocystis dioica;;1
624317;624317;Stephanocystis dioica;Stephanocystis dioica;;1
372017;624318;Cystoseira geminata;Stephanocystis geminata;;1
624318;624318;Stephanocystis geminata;Stephanocystis geminata;;1
642043;624318;Cystoseira lepidium;Stephanocystis geminata;;1
498400;624318;Cystophyllum geminatum;Stephanocystis geminata;;1
708017;624318;Cystophyllum lepidium;Stephanocystis geminata;;1
498401;624319;Cystophyllum hakodatense;Stephanocystis hakodatensis;;1
624319;624319;Stephanocystis hakodatensis;Stephanocystis hakodatensis;;1
372018;624319;Cystoseira hakodatensis;Stephanocystis hakodatensis;;1
372702;624320;Cystoseira neglecta;Stephanocystis neglecta;;1
624320;624320;Stephanocystis neglecta;Stephanocystis neglecta;;1
240759;502165;Cystoseira osmundacea;Stephanocystis osmundacea;;1
502165;502165;Stephanocystis osmundacea;Stephanocystis osmundacea;1;1
502094;502165;Halidrys osmundacea;Stephanocystis osmundacea;;1
667452;502165;Cystoseira expansa;Stephanocystis osmundacea;;1
667398;502165;Cystoseira douglasii;Stephanocystis osmundacea;;1
372703;624321;Cystoseira setchellii;Stephanocystis setchellii;;1
624321;624321;Stephanocystis setchellii;Stephanocystis setchellii;;1
377256;377256;Stolonophora brandegeei;Stolonophora brandegeei;;1
496100;374242;Hedophyllum kuroshioense;Streptophyllopsis kuroshioense;;1
374242;374242;Streptophyllopsis kuroshioense;Streptophyllopsis kuroshioense;;1
641463;641463;Streptophyllopsis kuroshioensis;Streptophyllopsis kuroshioensis;;1
371958;371958;Stschapovia flagellaris;Stschapovia flagellaris;;1
374715;374715;Syringodium filiforme;Syringodium filiforme;;1
374716;374716;Syringodium isoetifolium;Syringodium isoetifolium;;1
377179;374716;Cymodocea isoetifolia;Syringodium isoetifolium;;1
208922;374716;Syringodium iso√´tifolium;Syringodium isoetifolium;;1
208931;208931;Thalassia hemprichii;Thalassia hemprichii;;1
374720;374720;Thalassia testudinum;Thalassia testudinum;;1
374804;374804;Thalassiophyllum clathrus;Thalassiophyllum clathrus;;1
501948;374804;Agarum clathrus;Thalassiophyllum clathrus;;1
220228;220228;Thalassodendron ciliatum;Thalassodendron ciliatum;;1
208920;220228;Cymodocea ciliata;Thalassodendron ciliatum;;1
1356626;1356626;Thalassodendron leptocaule;Thalassodendron leptocaule;;1
374717;374717;Thalassodendron pachyrizum;Thalassodendron pachyrizum;;1
145919;145919;Tilopteris mertensii;Tilopteris mertensii;;1
221488;221488;Turbinaria condensata;Turbinaria condensata;;1
500242;221488;Turbinaria dentata;Turbinaria condensata;;1
221476;221476;Turbinaria conoides;Turbinaria conoides;;1
221487;221487;Turbinaria crateriformis;Turbinaria crateriformis;;1
221478;221478;Turbinaria decurrens;Turbinaria decurrens;;1
376346;376346;Turbinaria foliosa;Turbinaria foliosa;;1
374356;374356;Turbinaria gracilis;Turbinaria gracilis;;1
374546;374546;Turbinaria indica;Turbinaria indica;;1
221483;221483;Turbinaria kenyaensis;Turbinaria kenyaensis;;1
221486;221486;Turbinaria murrayana;Turbinaria murrayana;;1
221490;221490;Turbinaria ornata;Turbinaria ornata;;1
221484;551559;Turbinaria ecoronata;Turbinaria ornata f. ecoronata;;1
551559;551559;Turbinaria ornata f. ecoronata;Turbinaria ornata f. ecoronata;;1
221481;551560;Turbinaria evesiculosa;Turbinaria ornata f. evesiculosa;;1
551560;551560;Turbinaria ornata f. evesiculosa;Turbinaria ornata f. evesiculosa;;1
221477;221477;Turbinaria tanzaniensis;Turbinaria tanzaniensis;;1
224173;224173;Turbinaria trialata var. capensis;Turbinaria trialata var. capensis;;1
373209;373209;Turbinaria tricostata;Turbinaria tricostata;;1
221489;221489;Turbinaria triquetra;Turbinaria triquetra;;1
221475;221475;Turbinaria turbinata;Turbinaria turbinata;;1
500245;221475;Sargassum turbinatum;Turbinaria turbinata;;1
221485;221475;Turbinaria trialata;Turbinaria turbinata;;1
221480;221480;Turbinaria vulgaris;Turbinaria vulgaris;;1
375281;375281;Undaria crenata;Undaria crenata;;1
526723;526723;Undaria peterseniana;Undaria peterseniana;;1
501731;526723;Undariella peterseniana;Undaria peterseniana;;1
145721;145721;Undaria pinnatifida;Undaria pinnatifida;;1
501024;145721;Ulopteryx pinnatifida;Undaria pinnatifida;;1
496642;145721;Alaria pinnatifida;Undaria pinnatifida;;1
371982;371982;Undaria undarioides;Undaria undarioides;;1
375944;375944;Undariella kurilensis;Undariella kurilensis;;1
373472;373472;Xiphophora chondrophylla;Xiphophora chondrophylla;1;
499801;373472;Fucodium chondrophyllum;Xiphophora chondrophylla;1;
374296;374296;Xiphophora gladiata;Xiphophora gladiata;1;
500708;374296;Fucodium gladiatum;Xiphophora gladiata;1;
374699;374699;Zostera asiatica;Zostera asiatica;;1
495076;495076;Zostera caespitosa;Zostera caespitosa;;1
374700;495076;Zostera subg. Zostera caespitosa;Zostera caespitosa;;1
495083;495083;Zostera caulescens;Zostera caulescens;;1
495080;495080;Zostera japonica;Zostera japonica;;1
495081;495081;Zostera muelleri;Zostera muelleri;;1
495079;1380854;Zostera capricorni;Zostera muelleri subsp. capricorni;;1
374701;1380854;Zostera subg. Zosterella capricorni;Zostera muelleri subsp. capricorni;;1
1380854;1380854;Zostera muelleri subsp. capricorni;Zostera muelleri subsp. capricorni;;1
374703;1379928;Zostera mucronata;Zostera muelleri subsp. mucronata;;1
1379928;1379928;Zostera muelleri subsp. mucronata;Zostera muelleri subsp. mucronata;;1
669498;593702;Heterozostera nigricaulis;Zostera nigricaulis;;1
593702;593702;Zostera nigricaulis;Zostera nigricaulis;;1
495082;495082;Zostera noltei;Zostera noltei;1;
503012;495082;Zostera nana;Zostera noltei;1;
495550;495550;Zostera novazelandica;Zostera novazelandica;;
495077;145795;Zostera marina;Zostera subg. Zostera marina;;1
495078;220229;Zostera capensis;Zostera subg. Zosterella capensis;;
374710;555296;Heterozostera tasmanica;Zostera tasmanica;;
555296;555296;Zostera tasmanica;Zostera tasmanica;;